Target_Gene_Protein,GO_Term,Conditions,Replicates,Plate_Type,Assay_Type,Detection_Wavelength
Mouse Cxcl1 (Chemokine),GO:0009617,Drug A,5,384-well,ELISA for protein detection,450 nm
,,Drug B,,,,
,,,,,,
,,,,,,
,,,,,,
,,,,,,

Well,Condition,OD450
A1,Drug A,0.114
B1,Drug A,0.888
C1,Drug A,0.907
D1,Drug A,0.949
E1,Drug A,0.287
F1,Drug B,0.114
G1,Drug B,0.294
H1,Drug B,0.976
A2,Drug B,0.864
B2,Drug B,0.217

Metric,Value
Average OD for Control,0.629
Average OD for Treated,0.493
Fold Change (Treated/Control),0.78
