Target_Gene_Protein,GO_Term,Conditions,Replicates,Plate_Type,Assay_Type,Detection_Wavelength
Mouse Tnf (Inflammatory),GO:0006955,LPS-treated,5,96-well,ELISA for protein detection,450 nm
,,Cytokine Mix,,,,
,,,,,,
,,,,,,
,,,,,,
,,,,,,

Well,Condition,OD450
A1,LPS-treated,0.875
B1,LPS-treated,0.522
C1,LPS-treated,0.54
D1,LPS-treated,0.53
E1,LPS-treated,0.353
F1,Cytokine Mix,0.881
G1,Cytokine Mix,0.186
H1,Cytokine Mix,0.533
A2,Cytokine Mix,0.316
B2,Cytokine Mix,0.211

Metric,Value
Average OD for Control,0.564
Average OD for Treated,0.425
Fold Change (Treated/Control),0.75
