Target_Gene_Protein,GO_Term,Conditions,Replicates,Plate_Type,Assay_Type,Detection_Wavelength
Mouse Pparg (Metabolic),GO:0006955,Drug B,5,384-well,ELISA for protein detection,450 nm
,,LPS-treated,,,,
,,,,,,
,,,,,,
,,,,,,
,,,,,,

Well,Condition,OD450
A1,Drug B,0.229
B1,Drug B,0.299
C1,Drug B,0.448
D1,Drug B,0.181
E1,Drug B,0.267
F1,LPS-treated,0.513
G1,LPS-treated,0.301
H1,LPS-treated,0.246
A2,LPS-treated,0.648
B2,LPS-treated,0.897

Metric,Value
Average OD for Control,0.285
Average OD for Treated,0.521
Fold Change (Treated/Control),1.83
