Target_Gene_Protein,GO_Term,Conditions,Replicates,Plate_Type,Assay_Type,Detection_Wavelength
Mouse Cd40 (Immune Receptor),GO:0019882,Cytokine Mix,5,384-well,ELISA for protein detection,450 nm
,,LPS-treated,,,,
,,,,,,
,,,,,,
,,,,,,
,,,,,,

Well,Condition,OD450
A1,Cytokine Mix,0.151
B1,Cytokine Mix,0.714
C1,Cytokine Mix,0.279
D1,Cytokine Mix,0.961
E1,Cytokine Mix,0.93
F1,LPS-treated,0.944
G1,LPS-treated,0.788
H1,LPS-treated,0.888
A2,LPS-treated,0.545
B2,LPS-treated,0.992

Metric,Value
Average OD for Control,0.607
Average OD for Treated,0.831
Fold Change (Treated/Control),1.37
