Target_Gene_Protein,GO_Term,Conditions,Replicates,Plate_Type,Assay_Type,Detection_Wavelength
Mouse Il6 (Cytokine),GO:0002376,LPS-treated,5,384-well,ELISA for protein detection,450 nm
,,Control,,,,
,,,,,,
,,,,,,
,,,,,,
,,,,,,

Well,Condition,OD450
A1,LPS-treated,0.126
B1,LPS-treated,0.928
C1,LPS-treated,0.423
D1,LPS-treated,0.643
E1,LPS-treated,0.428
F1,Control,0.169
G1,Control,0.118
H1,Control,0.979
A2,Control,0.525
B2,Control,0.63

Metric,Value
Average OD for Control,0.51
Average OD for Treated,0.484
Fold Change (Treated/Control),0.95
