Target_Gene_Protein,GO_Term,Conditions,Replicates,Plate_Type,Assay_Type,Detection_Wavelength
Mouse Tnf (Inflammatory),GO:0002376,Control,5,96-well,ELISA for protein detection,450 nm
,,Drug A,,,,
,,,,,,
,,,,,,
,,,,,,
,,,,,,

Well,Condition,OD450
A1,Control,0.945
B1,Control,0.144
C1,Control,0.384
D1,Control,0.818
E1,Control,0.217
F1,Drug A,0.286
G1,Drug A,0.423
H1,Drug A,0.534
A2,Drug A,0.852
B2,Drug A,0.959

Metric,Value
Average OD for Control,0.502
Average OD for Treated,0.611
Fold Change (Treated/Control),1.22
