Target_Gene_Protein,GO_Term,Conditions,Replicates,Plate_Type,Assay_Type,Detection_Wavelength
Mouse Cd40 (Immune Receptor),GO:0006954,LPS-treated,4,96-well,ELISA for protein detection,450 nm
,,Drug A,,,,
,,,,,,
,,,,,,
,,,,,,
,,,,,,

Well,Condition,OD450
A1,LPS-treated,0.907
B1,LPS-treated,0.266
C1,LPS-treated,0.679
D1,LPS-treated,0.431
E1,Drug A,0.949
F1,Drug A,0.42
G1,Drug A,0.223
H1,Drug A,0.155

Metric,Value
Average OD for Control,0.571
Average OD for Treated,0.437
Fold Change (Treated/Control),0.77
