Target_Gene_Protein,GO_Term,Conditions,Replicates,Plate_Type,Assay_Type,Detection_Wavelength
Mouse Cxcl1 (Chemokine),GO:0002376,LPS-treated,5,96-well,ELISA for protein detection,450 nm
,,Drug A,,,,
,,,,,,
,,,,,,
,,,,,,
,,,,,,

Well,Condition,OD450
A1,LPS-treated,0.492
B1,LPS-treated,0.138
C1,LPS-treated,0.88
D1,LPS-treated,0.309
E1,LPS-treated,0.153
F1,Drug A,0.941
G1,Drug A,0.675
H1,Drug A,0.124
A2,Drug A,0.363
B2,Drug A,0.215

Metric,Value
Average OD for Control,0.394
Average OD for Treated,0.464
Fold Change (Treated/Control),1.18
