Target_Gene_Protein,GO_Term,Conditions,Replicates,Plate_Type,Assay_Type,Detection_Wavelength
Mouse Bdnf (Neurotrophic Factor),GO:0045202,Drug B,4,96-well,ELISA for protein detection,450 nm
,,LPS-treated,,,,
,,,,,,
,,,,,,
,,,,,,
,,,,,,

Well,Condition,OD450
A1,Drug B,0.409
B1,Drug B,0.776
C1,Drug B,0.461
D1,Drug B,0.508
E1,LPS-treated,0.996
F1,LPS-treated,0.655
G1,LPS-treated,0.828
H1,LPS-treated,0.687

Metric,Value
Average OD for Control,0.538
Average OD for Treated,0.792
Fold Change (Treated/Control),1.47
