Target_Gene_Protein,GO_Term,Conditions,Replicates,Plate_Type,Assay_Type,Detection_Wavelength
Mouse Pparg (Metabolic),GO:0009617,LPS-treated,4,96-well,ELISA for protein detection,450 nm
,,Drug B,,,,
,,,,,,
,,,,,,
,,,,,,
,,,,,,

Well,Condition,OD450
A1,LPS-treated,0.38
B1,LPS-treated,0.155
C1,LPS-treated,0.175
D1,LPS-treated,0.376
E1,Drug B,0.124
F1,Drug B,0.768
G1,Drug B,0.83
H1,Drug B,0.429

Metric,Value
Average OD for Control,0.271
Average OD for Treated,0.538
Fold Change (Treated/Control),1.99
