Target_Gene_Protein,GO_Term,Conditions,Replicates,Plate_Type,Assay_Type,Detection_Wavelength
Mouse Il6 (Cytokine),GO:0006955,Cytokine Mix,5,96-well,ELISA for protein detection,450 nm
,,Drug A,,,,
,,,,,,
,,,,,,
,,,,,,
,,,,,,

Well,Condition,OD450
A1,Cytokine Mix,0.549
B1,Cytokine Mix,0.381
C1,Cytokine Mix,0.411
D1,Cytokine Mix,0.278
E1,Cytokine Mix,0.998
F1,Drug A,0.148
G1,Drug A,0.371
H1,Drug A,0.177
A2,Drug A,0.165
B2,Drug A,0.442

Metric,Value
Average OD for Control,0.523
Average OD for Treated,0.261
Fold Change (Treated/Control),0.5
