Target_Gene_Protein,GO_Term,Conditions,Replicates,Plate_Type,Assay_Type,Detection_Wavelength
Mouse Nrf2 (Antioxidant),GO:0019882,Drug A,5,384-well,ELISA for protein detection,450 nm
,,Control,,,,
,,,,,,
,,,,,,
,,,,,,
,,,,,,

Well,Condition,OD450
A1,Drug A,0.95
B1,Drug A,0.428
C1,Drug A,0.137
D1,Drug A,0.642
E1,Drug A,0.961
F1,Control,0.893
G1,Control,0.626
H1,Control,0.858
A2,Control,0.3
B2,Control,0.877

Metric,Value
Average OD for Control,0.624
Average OD for Treated,0.711
Fold Change (Treated/Control),1.14
