Target_Gene_Protein,GO_Term,Conditions,Replicates,Plate_Type,Assay_Type,Detection_Wavelength
Mouse Cd40 (Immune Receptor),GO:0005102,Drug B,5,96-well,ELISA for protein detection,450 nm
,,Cytokine Mix,,,,
,,,,,,
,,,,,,
,,,,,,
,,,,,,

Well,Condition,OD450
A1,Drug B,0.683
B1,Drug B,0.487
C1,Drug B,0.214
D1,Drug B,0.405
E1,Drug B,0.463
F1,Cytokine Mix,0.985
G1,Cytokine Mix,0.342
H1,Cytokine Mix,0.21
A2,Cytokine Mix,0.997
B2,Cytokine Mix,0.591

Metric,Value
Average OD for Control,0.45
Average OD for Treated,0.625
Fold Change (Treated/Control),1.39
