Target_Gene_Protein,GO_Term,Conditions,Replicates,Plate_Type,Assay_Type,Detection_Wavelength
Mouse Actb (Structural),GO:0045202,Control,5,96-well,ELISA for protein detection,450 nm
,,Drug A,,,,
,,,,,,
,,,,,,
,,,,,,
,,,,,,

Well,Condition,OD450
A1,Control,0.135
B1,Control,0.364
C1,Control,0.402
D1,Control,0.478
E1,Control,0.923
F1,Drug A,0.809
G1,Drug A,0.448
H1,Drug A,0.622
A2,Drug A,0.961
B2,Drug A,0.695

Metric,Value
Average OD for Control,0.46
Average OD for Treated,0.707
Fold Change (Treated/Control),1.54
