Target_Gene_Protein,GO_Term,Conditions,Replicates,Plate_Type,Assay_Type,Detection_Wavelength
Mouse Bdnf (Neurotrophic Factor),GO:0009617,Control,4,384-well,ELISA for protein detection,450 nm
,,Cytokine Mix,,,,
,,,,,,
,,,,,,
,,,,,,
,,,,,,

Well,Condition,OD450
A1,Control,0.427
B1,Control,0.297
C1,Control,0.148
D1,Control,0.218
E1,Cytokine Mix,0.694
F1,Cytokine Mix,0.703
G1,Cytokine Mix,0.368
H1,Cytokine Mix,0.851

Metric,Value
Average OD for Control,0.273
Average OD for Treated,0.654
Fold Change (Treated/Control),2.4
