Target_Gene_Protein,GO_Term,Conditions,Replicates,Plate_Type,Assay_Type,Detection_Wavelength
Mouse Cd40 (Immune Receptor),GO:0002376,LPS-treated,5,384-well,ELISA for protein detection,450 nm
,,Control,,,,
,,,,,,
,,,,,,
,,,,,,
,,,,,,

Well,Condition,OD450
A1,LPS-treated,0.674
B1,LPS-treated,0.866
C1,LPS-treated,0.789
D1,LPS-treated,0.668
E1,LPS-treated,0.44
F1,Control,0.489
G1,Control,0.61
H1,Control,0.884
A2,Control,0.247
B2,Control,0.734

Metric,Value
Average OD for Control,0.687
Average OD for Treated,0.593
Fold Change (Treated/Control),0.86
