Target_Gene_Protein,GO_Term,Conditions,Replicates,Plate_Type,Assay_Type,Detection_Wavelength
Mouse Actb (Structural),GO:0005102,Drug A,5,384-well,ELISA for protein detection,450 nm
,,LPS-treated,,,,
,,,,,,
,,,,,,
,,,,,,
,,,,,,

Well,Condition,OD450
A1,Drug A,0.749
B1,Drug A,0.696
C1,Drug A,0.578
D1,Drug A,0.835
E1,Drug A,0.602
F1,LPS-treated,0.833
G1,LPS-treated,0.96
H1,LPS-treated,0.82
A2,LPS-treated,0.175
B2,LPS-treated,0.623

Metric,Value
Average OD for Control,0.692
Average OD for Treated,0.682
Fold Change (Treated/Control),0.99
