Target_Gene_Protein,GO_Term,Conditions,Replicates,Plate_Type,Assay_Type,Detection_Wavelength
Mouse Nrf2 (Antioxidant),GO:0005102,Drug B,5,96-well,ELISA for protein detection,450 nm
,,Cytokine Mix,,,,
,,,,,,
,,,,,,
,,,,,,
,,,,,,

Well,Condition,OD450
A1,Drug B,0.261
B1,Drug B,0.5
C1,Drug B,0.609
D1,Drug B,0.951
E1,Drug B,0.21
F1,Cytokine Mix,0.827
G1,Cytokine Mix,0.121
H1,Cytokine Mix,0.658
A2,Cytokine Mix,0.134
B2,Cytokine Mix,0.832

Metric,Value
Average OD for Control,0.506
Average OD for Treated,0.514
Fold Change (Treated/Control),1.02
