Target_Gene_Protein,GO_Term,Conditions,Replicates,Plate_Type,Assay_Type,Detection_Wavelength
Mouse Actb (Structural),GO:0005102,Control,4,96-well,ELISA for protein detection,450 nm
,,Cytokine Mix,,,,
,,,,,,
,,,,,,
,,,,,,
,,,,,,

Well,Condition,OD450
A1,Control,0.95
B1,Control,0.482
C1,Control,0.644
D1,Control,0.942
E1,Cytokine Mix,0.179
F1,Cytokine Mix,0.745
G1,Cytokine Mix,0.656
H1,Cytokine Mix,0.575

Metric,Value
Average OD for Control,0.754
Average OD for Treated,0.539
Fold Change (Treated/Control),0.71
