Target_Gene_Protein,GO_Term,Conditions,Replicates,Plate_Type,Assay_Type,Detection_Wavelength
Mouse Gapdh (Housekeeping),GO:0006955,Cytokine Mix,5,96-well,ELISA for protein detection,450 nm
,,Drug B,,,,
,,,,,,
,,,,,,
,,,,,,
,,,,,,

Well,Condition,OD450
A1,Cytokine Mix,0.898
B1,Cytokine Mix,0.128
C1,Cytokine Mix,0.194
D1,Cytokine Mix,0.131
E1,Cytokine Mix,0.889
F1,Drug B,0.181
G1,Drug B,0.791
H1,Drug B,0.182
A2,Drug B,0.943
B2,Drug B,0.313

Metric,Value
Average OD for Control,0.448
Average OD for Treated,0.482
Fold Change (Treated/Control),1.08
