Target_Gene_Protein,GO_Term,Conditions,Replicates,Plate_Type,Assay_Type,Detection_Wavelength
Mouse Bdnf (Neurotrophic Factor),GO:0005102,Cytokine Mix,3,384-well,ELISA for protein detection,450 nm
,,LPS-treated,,,,
,,,,,,
,,,,,,
,,,,,,
,,,,,,

Well,Condition,OD450
A1,Cytokine Mix,0.921
B1,Cytokine Mix,0.453
C1,Cytokine Mix,0.113
D1,LPS-treated,0.266
E1,LPS-treated,0.877
F1,LPS-treated,0.115

Metric,Value
Average OD for Control,0.496
Average OD for Treated,0.419
Fold Change (Treated/Control),0.84
