Target_Gene_Protein,GO_Term,Conditions,Replicates,Plate_Type,Assay_Type,Detection_Wavelength
Mouse Pparg (Metabolic),GO:0019882,Cytokine Mix,4,96-well,ELISA for protein detection,450 nm
,,LPS-treated,,,,
,,,,,,
,,,,,,
,,,,,,
,,,,,,

Well,Condition,OD450
A1,Cytokine Mix,0.41
B1,Cytokine Mix,0.754
C1,Cytokine Mix,0.257
D1,Cytokine Mix,0.261
E1,LPS-treated,0.271
F1,LPS-treated,0.542
G1,LPS-treated,0.106
H1,LPS-treated,0.962

Metric,Value
Average OD for Control,0.42
Average OD for Treated,0.47
Fold Change (Treated/Control),1.12
