Target_Gene_Protein,GO_Term,Conditions,Replicates,Plate_Type,Assay_Type,Detection_Wavelength
Mouse Pparg (Metabolic),GO:0002376,Control,5,384-well,ELISA for protein detection,450 nm
,,Drug B,,,,
,,,,,,
,,,,,,
,,,,,,
,,,,,,

Well,Condition,OD450
A1,Control,0.424
B1,Control,0.782
C1,Control,0.811
D1,Control,0.952
E1,Control,0.539
F1,Drug B,0.264
G1,Drug B,0.381
H1,Drug B,0.925
A2,Drug B,0.712
B2,Drug B,0.936

Metric,Value
Average OD for Control,0.702
Average OD for Treated,0.644
Fold Change (Treated/Control),0.92
