Target_Gene_Protein,GO_Term,Conditions,Replicates,Plate_Type,Assay_Type,Detection_Wavelength
Mouse Gapdh (Housekeeping),GO:0006955,Drug B,5,96-well,ELISA for protein detection,450 nm
,,Control,,,,
,,,,,,
,,,,,,
,,,,,,
,,,,,,

Well,Condition,OD450
A1,Drug B,0.56
B1,Drug B,0.864
C1,Drug B,0.593
D1,Drug B,0.802
E1,Drug B,0.678
F1,Control,0.386
G1,Control,0.508
H1,Control,0.531
A2,Control,0.588
B2,Control,0.925

Metric,Value
Average OD for Control,0.699
Average OD for Treated,0.588
Fold Change (Treated/Control),0.84
