Target_Gene_Protein,GO_Term,Conditions,Replicates,Plate_Type,Assay_Type,Detection_Wavelength
Mouse Actb (Structural),GO:0019882,Drug A,5,384-well,ELISA for protein detection,450 nm
,,Drug B,,,,
,,,,,,
,,,,,,
,,,,,,
,,,,,,

Well,Condition,OD450
A1,Drug A,0.941
B1,Drug A,0.216
C1,Drug A,0.895
D1,Drug A,0.132
E1,Drug A,0.52
F1,Drug B,0.111
G1,Drug B,0.854
H1,Drug B,0.937
A2,Drug B,0.751
B2,Drug B,0.981

Metric,Value
Average OD for Control,0.541
Average OD for Treated,0.727
Fold Change (Treated/Control),1.34
