Target_Gene_Protein,GO_Term,Conditions,Replicates,Plate_Type,Assay_Type,Detection_Wavelength
Mouse Cxcl1 (Chemokine),GO:0009617,Cytokine Mix,4,384-well,ELISA for protein detection,450 nm
,,Control,,,,
,,,,,,
,,,,,,
,,,,,,
,,,,,,

Well,Condition,OD450
A1,Cytokine Mix,0.72
B1,Cytokine Mix,0.885
C1,Cytokine Mix,0.344
D1,Cytokine Mix,0.43
E1,Control,0.694
F1,Control,0.783
G1,Control,0.394
H1,Control,0.537

Metric,Value
Average OD for Control,0.595
Average OD for Treated,0.602
Fold Change (Treated/Control),1.01
