Target_Gene_Protein,GO_Term,Conditions,Replicates,Plate_Type,Assay_Type,Detection_Wavelength
Mouse Cxcl1 (Chemokine),GO:0006954,Cytokine Mix,4,384-well,ELISA for protein detection,450 nm
,,LPS-treated,,,,
,,,,,,
,,,,,,
,,,,,,
,,,,,,

Well,Condition,OD450
A1,Cytokine Mix,0.549
B1,Cytokine Mix,0.524
C1,Cytokine Mix,0.517
D1,Cytokine Mix,0.252
E1,LPS-treated,0.383
F1,LPS-treated,0.37
G1,LPS-treated,0.214
H1,LPS-treated,0.177

Metric,Value
Average OD for Control,0.46
Average OD for Treated,0.286
Fold Change (Treated/Control),0.62
