Target_Gene_Protein,GO_Term,Conditions,Replicates,Plate_Type,Assay_Type,Detection_Wavelength
Mouse Il6 (Cytokine),GO:0045202,LPS-treated,4,96-well,ELISA for protein detection,450 nm
,,Drug A,,,,
,,,,,,
,,,,,,
,,,,,,
,,,,,,

Well,Condition,OD450
A1,LPS-treated,0.627
B1,LPS-treated,0.107
C1,LPS-treated,0.173
D1,LPS-treated,0.706
E1,Drug A,0.612
F1,Drug A,0.274
G1,Drug A,0.168
H1,Drug A,0.951

Metric,Value
Average OD for Control,0.403
Average OD for Treated,0.501
Fold Change (Treated/Control),1.24
