Target_Gene_Protein,GO_Term,Conditions,Replicates,Plate_Type,Assay_Type,Detection_Wavelength
Mouse Bdnf (Neurotrophic Factor),GO:0006954,LPS-treated,5,384-well,ELISA for protein detection,450 nm
,,Cytokine Mix,,,,
,,,,,,
,,,,,,
,,,,,,
,,,,,,

Well,Condition,OD450
A1,LPS-treated,0.385
B1,LPS-treated,0.341
C1,LPS-treated,0.847
D1,LPS-treated,0.392
E1,LPS-treated,0.814
F1,Cytokine Mix,0.317
G1,Cytokine Mix,0.593
H1,Cytokine Mix,0.842
A2,Cytokine Mix,0.666
B2,Cytokine Mix,0.458

Metric,Value
Average OD for Control,0.556
Average OD for Treated,0.575
Fold Change (Treated/Control),1.03
