Target_Gene_Protein,GO_Term,Conditions,Replicates,Plate_Type,Assay_Type,Detection_Wavelength
Mouse Il6 (Cytokine),GO:0005102,Control,4,384-well,ELISA for protein detection,450 nm
,,LPS-treated,,,,
,,,,,,
,,,,,,
,,,,,,
,,,,,,

Well,Condition,OD450
A1,Control,0.8
B1,Control,0.535
C1,Control,0.928
D1,Control,0.255
E1,LPS-treated,0.383
F1,LPS-treated,0.907
G1,LPS-treated,0.185
H1,LPS-treated,0.347

Metric,Value
Average OD for Control,0.629
Average OD for Treated,0.456
Fold Change (Treated/Control),0.72
