Target_Gene_Protein,GO_Term,Conditions,Replicates,Plate_Type,Assay_Type,Detection_Wavelength
Mouse Tnf (Inflammatory),GO:0005102,LPS-treated,5,384-well,ELISA for protein detection,450 nm
,,Drug A,,,,
,,,,,,
,,,,,,
,,,,,,
,,,,,,

Well,Condition,OD450
A1,LPS-treated,0.682
B1,LPS-treated,0.591
C1,LPS-treated,0.312
D1,LPS-treated,0.631
E1,LPS-treated,0.539
F1,Drug A,0.949
G1,Drug A,0.782
H1,Drug A,0.546
A2,Drug A,0.881
B2,Drug A,0.556

Metric,Value
Average OD for Control,0.551
Average OD for Treated,0.743
Fold Change (Treated/Control),1.35
