Target_Gene_Protein,GO_Term,Conditions,Replicates,Plate_Type,Assay_Type,Detection_Wavelength
Mouse Pparg (Metabolic),GO:0019882,Drug A,5,96-well,ELISA for protein detection,450 nm
,,Cytokine Mix,,,,
,,,,,,
,,,,,,
,,,,,,
,,,,,,

Well,Condition,OD450
A1,Drug A,0.107
B1,Drug A,0.813
C1,Drug A,0.803
D1,Drug A,0.168
E1,Drug A,0.202
F1,Cytokine Mix,0.52
G1,Cytokine Mix,0.852
H1,Cytokine Mix,0.536
A2,Cytokine Mix,0.399
B2,Cytokine Mix,0.929

Metric,Value
Average OD for Control,0.419
Average OD for Treated,0.647
Fold Change (Treated/Control),1.54
