Target_Gene_Protein,GO_Term,Conditions,Replicates,Plate_Type,Assay_Type,Detection_Wavelength
Mouse Cd40 (Immune Receptor),GO:0045202,Cytokine Mix,5,384-well,ELISA for protein detection,450 nm
,,Drug A,,,,
,,,,,,
,,,,,,
,,,,,,
,,,,,,

Well,Condition,OD450
A1,Cytokine Mix,0.645
B1,Cytokine Mix,0.702
C1,Cytokine Mix,0.518
D1,Cytokine Mix,0.282
E1,Cytokine Mix,0.107
F1,Drug A,0.521
G1,Drug A,0.312
H1,Drug A,0.79
A2,Drug A,0.381
B2,Drug A,0.317

Metric,Value
Average OD for Control,0.451
Average OD for Treated,0.464
Fold Change (Treated/Control),1.03
