Target_Gene_Protein,GO_Term,Conditions,Replicates,Plate_Type,Assay_Type,Detection_Wavelength
Mouse Tnf (Inflammatory),GO:0006955,LPS-treated,4,96-well,ELISA for protein detection,450 nm
,,Control,,,,
,,,,,,
,,,,,,
,,,,,,
,,,,,,

Well,Condition,OD450
A1,LPS-treated,0.133
B1,LPS-treated,0.423
C1,LPS-treated,0.11
D1,LPS-treated,0.725
E1,Control,0.249
F1,Control,0.868
G1,Control,0.536
H1,Control,0.787

Metric,Value
Average OD for Control,0.348
Average OD for Treated,0.61
Fold Change (Treated/Control),1.75
