Target_Gene_Protein,GO_Term,Conditions,Replicates,Plate_Type,Assay_Type,Detection_Wavelength
Mouse Cxcl1 (Chemokine),GO:0002376,Drug B,5,96-well,ELISA for protein detection,450 nm
,,Drug A,,,,
,,,,,,
,,,,,,
,,,,,,
,,,,,,

Well,Condition,OD450
A1,Drug B,0.831
B1,Drug B,0.615
C1,Drug B,0.456
D1,Drug B,0.61
E1,Drug B,0.342
F1,Drug A,0.654
G1,Drug A,0.299
H1,Drug A,0.512
A2,Drug A,0.334
B2,Drug A,0.911

Metric,Value
Average OD for Control,0.571
Average OD for Treated,0.542
Fold Change (Treated/Control),0.95
