Target_Gene_Protein,GO_Term,Conditions,Replicates,Plate_Type,Assay_Type,Detection_Wavelength
Mouse Actb (Structural),GO:0005102,Cytokine Mix,4,96-well,ELISA for protein detection,450 nm
,,Control,,,,
,,,,,,
,,,,,,
,,,,,,
,,,,,,

Well,Condition,OD450
A1,Cytokine Mix,0.953
B1,Cytokine Mix,0.923
C1,Cytokine Mix,0.356
D1,Cytokine Mix,0.688
E1,Control,0.571
F1,Control,0.524
G1,Control,0.603
H1,Control,0.468

Metric,Value
Average OD for Control,0.73
Average OD for Treated,0.541
Fold Change (Treated/Control),0.74
