Target_Gene_Protein,GO_Term,Conditions,Replicates,Plate_Type,Assay_Type,Detection_Wavelength
Mouse Il6 (Cytokine),GO:0006955,LPS-treated,4,96-well,ELISA for protein detection,450 nm
,,Cytokine Mix,,,,
,,,,,,
,,,,,,
,,,,,,
,,,,,,

Well,Condition,OD450
A1,LPS-treated,0.663
B1,LPS-treated,0.567
C1,LPS-treated,0.646
D1,LPS-treated,0.427
E1,Cytokine Mix,0.335
F1,Cytokine Mix,0.737
G1,Cytokine Mix,0.352
H1,Cytokine Mix,0.308

Metric,Value
Average OD for Control,0.576
Average OD for Treated,0.433
Fold Change (Treated/Control),0.75
