Target_Gene_Protein,GO_Term,Conditions,Replicates,Plate_Type,Assay_Type,Detection_Wavelength
Mouse Cxcl1 (Chemokine),GO:0006954,Cytokine Mix,5,96-well,ELISA for protein detection,450 nm
,,Drug B,,,,
,,,,,,
,,,,,,
,,,,,,
,,,,,,

Well,Condition,OD450
A1,Cytokine Mix,0.938
B1,Cytokine Mix,0.622
C1,Cytokine Mix,0.878
D1,Cytokine Mix,0.456
E1,Cytokine Mix,0.645
F1,Drug B,0.962
G1,Drug B,0.243
H1,Drug B,0.324
A2,Drug B,0.794
B2,Drug B,0.66

Metric,Value
Average OD for Control,0.708
Average OD for Treated,0.597
Fold Change (Treated/Control),0.84
