Target_Gene_Protein,GO_Term,Conditions,Replicates,Plate_Type,Assay_Type,Detection_Wavelength
Mouse Cxcl1 (Chemokine),GO:0005102,Drug B,4,384-well,ELISA for protein detection,450 nm
,,LPS-treated,,,,
,,,,,,
,,,,,,
,,,,,,
,,,,,,

Well,Condition,OD450
A1,Drug B,0.294
B1,Drug B,0.557
C1,Drug B,0.206
D1,Drug B,0.778
E1,LPS-treated,0.167
F1,LPS-treated,0.637
G1,LPS-treated,0.171
H1,LPS-treated,0.154

Metric,Value
Average OD for Control,0.459
Average OD for Treated,0.282
Fold Change (Treated/Control),0.61
