Target_Gene_Protein,GO_Term,Conditions,Replicates,Plate_Type,Assay_Type,Detection_Wavelength
Mouse Actb (Structural),GO:0005102,Cytokine Mix,4,384-well,ELISA for protein detection,450 nm
,,LPS-treated,,,,
,,,,,,
,,,,,,
,,,,,,
,,,,,,

Well,Condition,OD450
A1,Cytokine Mix,0.207
B1,Cytokine Mix,0.642
C1,Cytokine Mix,0.777
D1,Cytokine Mix,0.799
E1,LPS-treated,0.614
F1,LPS-treated,0.815
G1,LPS-treated,0.956
H1,LPS-treated,0.697

Metric,Value
Average OD for Control,0.606
Average OD for Treated,0.77
Fold Change (Treated/Control),1.27
