Target_Gene_Protein,GO_Term,Conditions,Replicates,Plate_Type,Assay_Type,Detection_Wavelength
Mouse Cxcl1 (Chemokine),GO:0002376,LPS-treated,5,384-well,ELISA for protein detection,450 nm
,,Drug B,,,,
,,,,,,
,,,,,,
,,,,,,
,,,,,,

Well,Condition,OD450
A1,LPS-treated,0.831
B1,LPS-treated,0.92
C1,LPS-treated,0.998
D1,LPS-treated,0.597
E1,LPS-treated,0.38
F1,Drug B,0.673
G1,Drug B,0.994
H1,Drug B,0.319
A2,Drug B,0.573
B2,Drug B,0.431

Metric,Value
Average OD for Control,0.745
Average OD for Treated,0.598
Fold Change (Treated/Control),0.8
