Target_Gene_Protein,GO_Term,Conditions,Replicates,Plate_Type,Assay_Type,Detection_Wavelength
Mouse Cxcl1 (Chemokine),GO:0009617,LPS-treated,4,384-well,ELISA for protein detection,450 nm
,,Cytokine Mix,,,,
,,,,,,
,,,,,,
,,,,,,
,,,,,,

Well,Condition,OD450
A1,LPS-treated,0.151
B1,LPS-treated,0.593
C1,LPS-treated,0.706
D1,LPS-treated,0.18
E1,Cytokine Mix,0.962
F1,Cytokine Mix,0.745
G1,Cytokine Mix,0.837
H1,Cytokine Mix,0.359

Metric,Value
Average OD for Control,0.407
Average OD for Treated,0.726
Fold Change (Treated/Control),1.78
