Target_Gene_Protein,GO_Term,Conditions,Replicates,Plate_Type,Assay_Type,Detection_Wavelength
Mouse Cd40 (Immune Receptor),GO:0009617,Cytokine Mix,5,384-well,ELISA for protein detection,450 nm
,,Drug B,,,,
,,,,,,
,,,,,,
,,,,,,
,,,,,,

Well,Condition,OD450
A1,Cytokine Mix,0.122
B1,Cytokine Mix,0.126
C1,Cytokine Mix,0.866
D1,Cytokine Mix,0.643
E1,Cytokine Mix,0.844
F1,Drug B,0.365
G1,Drug B,0.906
H1,Drug B,0.726
A2,Drug B,0.671
B2,Drug B,0.411

Metric,Value
Average OD for Control,0.52
Average OD for Treated,0.616
Fold Change (Treated/Control),1.18
