Target_Gene_Protein,GO_Term,Conditions,Replicates,Plate_Type,Assay_Type,Detection_Wavelength
Mouse Cd40 (Immune Receptor),GO:0005102,LPS-treated,5,384-well,ELISA for protein detection,450 nm
,,Drug B,,,,
,,,,,,
,,,,,,
,,,,,,
,,,,,,

Well,Condition,OD450
A1,LPS-treated,0.996
B1,LPS-treated,0.666
C1,LPS-treated,0.98
D1,LPS-treated,0.464
E1,LPS-treated,0.972
F1,Drug B,0.314
G1,Drug B,0.146
H1,Drug B,0.199
A2,Drug B,0.689
B2,Drug B,0.824

Metric,Value
Average OD for Control,0.816
Average OD for Treated,0.434
Fold Change (Treated/Control),0.53
