Target_Gene_Protein,GO_Term,Conditions,Replicates,Plate_Type,Assay_Type,Detection_Wavelength
Mouse Nrf2 (Antioxidant),GO:0019882,Cytokine Mix,5,96-well,ELISA for protein detection,450 nm
,,Control,,,,
,,,,,,
,,,,,,
,,,,,,
,,,,,,

Well,Condition,OD450
A1,Cytokine Mix,0.498
B1,Cytokine Mix,0.245
C1,Cytokine Mix,0.254
D1,Cytokine Mix,0.291
E1,Cytokine Mix,0.614
F1,Control,0.948
G1,Control,0.772
H1,Control,0.135
A2,Control,0.36
B2,Control,0.897

Metric,Value
Average OD for Control,0.38
Average OD for Treated,0.622
Fold Change (Treated/Control),1.64
