Target_Gene_Protein,GO_Term,Conditions,Replicates,Plate_Type,Assay_Type,Detection_Wavelength
Mouse Il6 (Cytokine),GO:0009617,Cytokine Mix,4,96-well,ELISA for protein detection,450 nm
,,Drug B,,,,
,,,,,,
,,,,,,
,,,,,,
,,,,,,

Well,Condition,OD450
A1,Cytokine Mix,0.651
B1,Cytokine Mix,0.502
C1,Cytokine Mix,0.947
D1,Cytokine Mix,0.656
E1,Drug B,0.703
F1,Drug B,0.934
G1,Drug B,0.558
H1,Drug B,0.306

Metric,Value
Average OD for Control,0.689
Average OD for Treated,0.625
Fold Change (Treated/Control),0.91
