Target_Gene_Protein,GO_Term,Conditions,Replicates,Plate_Type,Assay_Type,Detection_Wavelength
Mouse Tnf (Inflammatory),GO:0009617,Control,5,384-well,ELISA for protein detection,450 nm
,,Drug A,,,,
,,,,,,
,,,,,,
,,,,,,
,,,,,,

Well,Condition,OD450
A1,Control,0.936
B1,Control,0.515
C1,Control,0.571
D1,Control,0.98
E1,Control,0.858
F1,Drug A,0.739
G1,Drug A,0.487
H1,Drug A,0.347
A2,Drug A,0.899
B2,Drug A,0.82

Metric,Value
Average OD for Control,0.772
Average OD for Treated,0.658
Fold Change (Treated/Control),0.85
