Target_Gene_Protein,GO_Term,Conditions,Replicates,Plate_Type,Assay_Type,Detection_Wavelength
Mouse Actb (Structural),GO:0006955,Cytokine Mix,5,96-well,ELISA for protein detection,450 nm
,,Control,,,,
,,,,,,
,,,,,,
,,,,,,
,,,,,,

Well,Condition,OD450
A1,Cytokine Mix,0.669
B1,Cytokine Mix,0.372
C1,Cytokine Mix,0.686
D1,Cytokine Mix,0.222
E1,Cytokine Mix,0.789
F1,Control,0.784
G1,Control,0.824
H1,Control,0.736
A2,Control,0.439
B2,Control,0.272

Metric,Value
Average OD for Control,0.548
Average OD for Treated,0.611
Fold Change (Treated/Control),1.11
