Target_Gene_Protein,GO_Term,Conditions,Replicates,Plate_Type,Assay_Type,Detection_Wavelength
Mouse Pparg (Metabolic),GO:0019882,LPS-treated,4,384-well,ELISA for protein detection,450 nm
,,Cytokine Mix,,,,
,,,,,,
,,,,,,
,,,,,,
,,,,,,

Well,Condition,OD450
A1,LPS-treated,0.679
B1,LPS-treated,0.709
C1,LPS-treated,0.233
D1,LPS-treated,0.835
E1,Cytokine Mix,0.694
F1,Cytokine Mix,0.184
G1,Cytokine Mix,0.307
H1,Cytokine Mix,0.433

Metric,Value
Average OD for Control,0.614
Average OD for Treated,0.404
Fold Change (Treated/Control),0.66
