Target_Gene_Protein,GO_Term,Conditions,Replicates,Plate_Type,Assay_Type,Detection_Wavelength
Mouse Gapdh (Housekeeping),GO:0006955,Control,5,96-well,ELISA for protein detection,450 nm
,,Cytokine Mix,,,,
,,,,,,
,,,,,,
,,,,,,
,,,,,,

Well,Condition,OD450
A1,Control,0.272
B1,Control,0.358
C1,Control,0.422
D1,Control,0.424
E1,Control,0.827
F1,Cytokine Mix,0.577
G1,Cytokine Mix,0.219
H1,Cytokine Mix,0.517
A2,Cytokine Mix,0.194
B2,Cytokine Mix,0.202

Metric,Value
Average OD for Control,0.461
Average OD for Treated,0.342
Fold Change (Treated/Control),0.74
