Target_Gene_Protein,GO_Term,Conditions,Replicates,Plate_Type,Assay_Type,Detection_Wavelength
Mouse Bdnf (Neurotrophic Factor),GO:0005102,Control,5,384-well,ELISA for protein detection,450 nm
,,Drug B,,,,
,,,,,,
,,,,,,
,,,,,,
,,,,,,

Well,Condition,OD450
A1,Control,0.211
B1,Control,0.356
C1,Control,0.377
D1,Control,0.416
E1,Control,0.531
F1,Drug B,0.308
G1,Drug B,0.412
H1,Drug B,0.356
A2,Drug B,0.214
B2,Drug B,0.202

Metric,Value
Average OD for Control,0.378
Average OD for Treated,0.298
Fold Change (Treated/Control),0.79
