Target_Gene_Protein,GO_Term,Conditions,Replicates,Plate_Type,Assay_Type,Detection_Wavelength
Mouse Actb (Structural),GO:0045202,Cytokine Mix,4,96-well,ELISA for protein detection,450 nm
,,Drug B,,,,
,,,,,,
,,,,,,
,,,,,,
,,,,,,

Well,Condition,OD450
A1,Cytokine Mix,0.117
B1,Cytokine Mix,0.159
C1,Cytokine Mix,0.712
D1,Cytokine Mix,0.118
E1,Drug B,0.43
F1,Drug B,0.69
G1,Drug B,0.124
H1,Drug B,0.162

Metric,Value
Average OD for Control,0.276
Average OD for Treated,0.351
Fold Change (Treated/Control),1.27
