Target_Gene_Protein,GO_Term,Conditions,Replicates,Plate_Type,Assay_Type,Detection_Wavelength
Mouse Nrf2 (Antioxidant),GO:0009617,Control,5,96-well,ELISA for protein detection,450 nm
,,Drug B,,,,
,,,,,,
,,,,,,
,,,,,,
,,,,,,

Well,Condition,OD450
A1,Control,0.449
B1,Control,0.883
C1,Control,0.263
D1,Control,1.0
E1,Control,0.518
F1,Drug B,0.532
G1,Drug B,0.671
H1,Drug B,0.109
A2,Drug B,0.191
B2,Drug B,0.372

Metric,Value
Average OD for Control,0.623
Average OD for Treated,0.375
Fold Change (Treated/Control),0.6
