Target_Gene_Protein,GO_Term,Conditions,Replicates,Plate_Type,Assay_Type,Detection_Wavelength
Mouse Nrf2 (Antioxidant),GO:0005102,Drug B,4,384-well,ELISA for protein detection,450 nm
,,Cytokine Mix,,,,
,,,,,,
,,,,,,
,,,,,,
,,,,,,

Well,Condition,OD450
A1,Drug B,0.829
B1,Drug B,0.882
C1,Drug B,0.592
D1,Drug B,0.67
E1,Cytokine Mix,0.812
F1,Cytokine Mix,0.658
G1,Cytokine Mix,0.784
H1,Cytokine Mix,0.533

Metric,Value
Average OD for Control,0.743
Average OD for Treated,0.697
Fold Change (Treated/Control),0.94
