Target_Gene_Protein,GO_Term,Conditions,Replicates,Plate_Type,Assay_Type,Detection_Wavelength
Mouse Tnf (Inflammatory),GO:0005102,Drug B,5,384-well,ELISA for protein detection,450 nm
,,Control,,,,
,,,,,,
,,,,,,
,,,,,,
,,,,,,

Well,Condition,OD450
A1,Drug B,0.13
B1,Drug B,0.97
C1,Drug B,0.571
D1,Drug B,0.258
E1,Drug B,0.627
F1,Control,0.463
G1,Control,0.6
H1,Control,0.634
A2,Control,0.47
B2,Control,0.627

Metric,Value
Average OD for Control,0.511
Average OD for Treated,0.559
Fold Change (Treated/Control),1.09
