Target_Gene_Protein,GO_Term,Conditions,Replicates,Plate_Type,Assay_Type,Detection_Wavelength
Mouse Cd40 (Immune Receptor),GO:0006954,LPS-treated,5,96-well,ELISA for protein detection,450 nm
,,Cytokine Mix,,,,
,,,,,,
,,,,,,
,,,,,,
,,,,,,

Well,Condition,OD450
A1,LPS-treated,0.275
B1,LPS-treated,0.942
C1,LPS-treated,0.411
D1,LPS-treated,0.169
E1,LPS-treated,0.663
F1,Cytokine Mix,0.942
G1,Cytokine Mix,0.767
H1,Cytokine Mix,0.365
A2,Cytokine Mix,0.633
B2,Cytokine Mix,0.355

Metric,Value
Average OD for Control,0.492
Average OD for Treated,0.612
Fold Change (Treated/Control),1.24
