Target_Gene_Protein,GO_Term,Conditions,Replicates,Plate_Type,Assay_Type,Detection_Wavelength
Mouse Bdnf (Neurotrophic Factor),GO:0002376,Cytokine Mix,4,96-well,ELISA for protein detection,450 nm
,,Control,,,,
,,,,,,
,,,,,,
,,,,,,
,,,,,,

Well,Condition,OD450
A1,Cytokine Mix,0.822
B1,Cytokine Mix,0.847
C1,Cytokine Mix,0.439
D1,Cytokine Mix,0.136
E1,Control,0.201
F1,Control,0.796
G1,Control,0.367
H1,Control,0.316

Metric,Value
Average OD for Control,0.561
Average OD for Treated,0.42
Fold Change (Treated/Control),0.75
