Target_Gene_Protein,GO_Term,Conditions,Replicates,Plate_Type,Assay_Type,Detection_Wavelength
Mouse Pparg (Metabolic),GO:0019882,Cytokine Mix,5,384-well,ELISA for protein detection,450 nm
,,LPS-treated,,,,
,,,,,,
,,,,,,
,,,,,,
,,,,,,

Well,Condition,OD450
A1,Cytokine Mix,0.47
B1,Cytokine Mix,0.544
C1,Cytokine Mix,0.101
D1,Cytokine Mix,0.995
E1,Cytokine Mix,0.924
F1,LPS-treated,0.252
G1,LPS-treated,0.461
H1,LPS-treated,0.112
A2,LPS-treated,0.389
B2,LPS-treated,0.419

Metric,Value
Average OD for Control,0.607
Average OD for Treated,0.327
Fold Change (Treated/Control),0.54
