Target_Gene_Protein,GO_Term,Conditions,Replicates,Plate_Type,Assay_Type,Detection_Wavelength
Mouse Cd40 (Immune Receptor),GO:0045202,Cytokine Mix,5,96-well,ELISA for protein detection,450 nm
,,LPS-treated,,,,
,,,,,,
,,,,,,
,,,,,,
,,,,,,

Well,Condition,OD450
A1,Cytokine Mix,0.161
B1,Cytokine Mix,0.76
C1,Cytokine Mix,0.957
D1,Cytokine Mix,0.216
E1,Cytokine Mix,0.187
F1,LPS-treated,0.756
G1,LPS-treated,0.143
H1,LPS-treated,0.302
A2,LPS-treated,0.526
B2,LPS-treated,0.809

Metric,Value
Average OD for Control,0.456
Average OD for Treated,0.507
Fold Change (Treated/Control),1.11
