Target_Gene_Protein,GO_Term,Conditions,Replicates,Plate_Type,Assay_Type,Detection_Wavelength
Mouse Cd40 (Immune Receptor),GO:0005102,Cytokine Mix,4,384-well,ELISA for protein detection,450 nm
,,Drug A,,,,
,,,,,,
,,,,,,
,,,,,,
,,,,,,

Well,Condition,OD450
A1,Cytokine Mix,0.491
B1,Cytokine Mix,0.995
C1,Cytokine Mix,0.838
D1,Cytokine Mix,0.816
E1,Drug A,0.586
F1,Drug A,0.328
G1,Drug A,0.264
H1,Drug A,0.562

Metric,Value
Average OD for Control,0.785
Average OD for Treated,0.435
Fold Change (Treated/Control),0.55
