Target_Gene_Protein,GO_Term,Conditions,Replicates,Plate_Type,Assay_Type,Detection_Wavelength
Mouse Nrf2 (Antioxidant),GO:0009617,Cytokine Mix,4,384-well,ELISA for protein detection,450 nm
,,Control,,,,
,,,,,,
,,,,,,
,,,,,,
,,,,,,

Well,Condition,OD450
A1,Cytokine Mix,0.268
B1,Cytokine Mix,0.614
C1,Cytokine Mix,0.803
D1,Cytokine Mix,0.793
E1,Control,0.884
F1,Control,0.341
G1,Control,0.372
H1,Control,0.434

Metric,Value
Average OD for Control,0.62
Average OD for Treated,0.508
Fold Change (Treated/Control),0.82
