Target_Gene_Protein,GO_Term,Conditions,Replicates,Plate_Type,Assay_Type,Detection_Wavelength
Mouse Cd40 (Immune Receptor),GO:0009617,Drug B,5,96-well,ELISA for protein detection,450 nm
,,Control,,,,
,,,,,,
,,,,,,
,,,,,,
,,,,,,

Well,Condition,OD450
A1,Drug B,0.941
B1,Drug B,0.212
C1,Drug B,0.275
D1,Drug B,0.481
E1,Drug B,0.449
F1,Control,0.347
G1,Control,0.569
H1,Control,0.861
A2,Control,0.985
B2,Control,0.336

Metric,Value
Average OD for Control,0.472
Average OD for Treated,0.62
Fold Change (Treated/Control),1.31
