Target_Gene_Protein,GO_Term,Conditions,Replicates,Plate_Type,Assay_Type,Detection_Wavelength
Mouse Cd40 (Immune Receptor),GO:0045202,Drug A,4,384-well,ELISA for protein detection,450 nm
,,LPS-treated,,,,
,,,,,,
,,,,,,
,,,,,,
,,,,,,

Well,Condition,OD450
A1,Drug A,0.355
B1,Drug A,0.363
C1,Drug A,0.255
D1,Drug A,0.239
E1,LPS-treated,0.946
F1,LPS-treated,0.638
G1,LPS-treated,0.916
H1,LPS-treated,0.439

Metric,Value
Average OD for Control,0.303
Average OD for Treated,0.735
Fold Change (Treated/Control),2.43
