Target_Gene_Protein,GO_Term,Conditions,Replicates,Plate_Type,Assay_Type,Detection_Wavelength
Mouse Il6 (Cytokine),GO:0045202,Drug B,5,96-well,ELISA for protein detection,450 nm
,,Drug A,,,,
,,,,,,
,,,,,,
,,,,,,
,,,,,,

Well,Condition,OD450
A1,Drug B,0.723
B1,Drug B,0.557
C1,Drug B,0.603
D1,Drug B,0.82
E1,Drug B,0.55
F1,Drug A,0.195
G1,Drug A,0.576
H1,Drug A,0.692
A2,Drug A,0.517
B2,Drug A,0.773

Metric,Value
Average OD for Control,0.651
Average OD for Treated,0.551
Fold Change (Treated/Control),0.85
