Target_Gene_Protein,GO_Term,Conditions,Replicates,Plate_Type,Assay_Type,Detection_Wavelength
Mouse Tnf (Inflammatory),GO:0002376,Drug B,5,96-well,ELISA for protein detection,450 nm
,,Cytokine Mix,,,,
,,,,,,
,,,,,,
,,,,,,
,,,,,,

Well,Condition,OD450
A1,Drug B,0.663
B1,Drug B,0.695
C1,Drug B,0.794
D1,Drug B,0.617
E1,Drug B,0.44
F1,Cytokine Mix,0.137
G1,Cytokine Mix,0.351
H1,Cytokine Mix,0.645
A2,Cytokine Mix,0.185
B2,Cytokine Mix,0.49

Metric,Value
Average OD for Control,0.642
Average OD for Treated,0.362
Fold Change (Treated/Control),0.56
