Target_Gene_Protein,GO_Term,Conditions,Replicates,Plate_Type,Assay_Type,Detection_Wavelength
Mouse Bdnf (Neurotrophic Factor),GO:0006955,Drug B,4,96-well,ELISA for protein detection,450 nm
,,Cytokine Mix,,,,
,,,,,,
,,,,,,
,,,,,,
,,,,,,

Well,Condition,OD450
A1,Drug B,0.606
B1,Drug B,0.498
C1,Drug B,0.976
D1,Drug B,0.822
E1,Cytokine Mix,0.751
F1,Cytokine Mix,0.328
G1,Cytokine Mix,0.762
H1,Cytokine Mix,0.696

Metric,Value
Average OD for Control,0.726
Average OD for Treated,0.634
Fold Change (Treated/Control),0.87
