Target_Gene_Protein,GO_Term,Conditions,Replicates,Plate_Type,Assay_Type,Detection_Wavelength
Mouse Il6 (Cytokine),GO:0045202,Drug B,4,384-well,ELISA for protein detection,450 nm
,,LPS-treated,,,,
,,,,,,
,,,,,,
,,,,,,
,,,,,,

Well,Condition,OD450
A1,Drug B,0.726
B1,Drug B,0.622
C1,Drug B,0.178
D1,Drug B,0.986
E1,LPS-treated,0.789
F1,LPS-treated,0.575
G1,LPS-treated,0.662
H1,LPS-treated,0.81

Metric,Value
Average OD for Control,0.628
Average OD for Treated,0.709
Fold Change (Treated/Control),1.13
