Target_Gene_Protein,GO_Term,Conditions,Replicates,Plate_Type,Assay_Type,Detection_Wavelength
Mouse Gapdh (Housekeeping),GO:0006954,Cytokine Mix,5,384-well,ELISA for protein detection,450 nm
,,LPS-treated,,,,
,,,,,,
,,,,,,
,,,,,,
,,,,,,

Well,Condition,OD450
A1,Cytokine Mix,0.697
B1,Cytokine Mix,0.977
C1,Cytokine Mix,0.366
D1,Cytokine Mix,0.202
E1,Cytokine Mix,0.239
F1,LPS-treated,0.545
G1,LPS-treated,0.302
H1,LPS-treated,0.988
A2,LPS-treated,0.312
B2,LPS-treated,0.925

Metric,Value
Average OD for Control,0.496
Average OD for Treated,0.614
Fold Change (Treated/Control),1.24
