Target_Gene_Protein,GO_Term,Conditions,Replicates,Plate_Type,Assay_Type,Detection_Wavelength
Mouse Cxcl1 (Chemokine),GO:0009617,Control,4,96-well,ELISA for protein detection,450 nm
,,Cytokine Mix,,,,
,,,,,,
,,,,,,
,,,,,,
,,,,,,

Well,Condition,OD450
A1,Control,0.34
B1,Control,0.147
C1,Control,0.408
D1,Control,0.122
E1,Cytokine Mix,0.669
F1,Cytokine Mix,0.525
G1,Cytokine Mix,0.489
H1,Cytokine Mix,0.577

Metric,Value
Average OD for Control,0.254
Average OD for Treated,0.565
Fold Change (Treated/Control),2.22
