Target_Gene_Protein,GO_Term,Conditions,Replicates,Plate_Type,Assay_Type,Detection_Wavelength
Mouse Nrf2 (Antioxidant),GO:0019882,Cytokine Mix,5,384-well,ELISA for protein detection,450 nm
,,Drug A,,,,
,,,,,,
,,,,,,
,,,,,,
,,,,,,

Well,Condition,OD450
A1,Cytokine Mix,0.663
B1,Cytokine Mix,0.469
C1,Cytokine Mix,0.946
D1,Cytokine Mix,0.585
E1,Cytokine Mix,0.692
F1,Drug A,0.176
G1,Drug A,0.315
H1,Drug A,0.888
A2,Drug A,0.584
B2,Drug A,0.856

Metric,Value
Average OD for Control,0.671
Average OD for Treated,0.564
Fold Change (Treated/Control),0.84
