Target_Gene_Protein,GO_Term,Conditions,Replicates,Plate_Type,Assay_Type,Detection_Wavelength
Mouse Pparg (Metabolic),GO:0019882,Drug B,5,384-well,ELISA for protein detection,450 nm
,,Control,,,,
,,,,,,
,,,,,,
,,,,,,
,,,,,,

Well,Condition,OD450
A1,Drug B,0.631
B1,Drug B,0.47
C1,Drug B,0.595
D1,Drug B,0.803
E1,Drug B,0.75
F1,Control,0.292
G1,Control,0.941
H1,Control,0.344
A2,Control,0.263
B2,Control,0.54

Metric,Value
Average OD for Control,0.65
Average OD for Treated,0.476
Fold Change (Treated/Control),0.73
