Target_Gene_Protein,GO_Term,Conditions,Replicates,Plate_Type,Assay_Type,Detection_Wavelength
Mouse Cxcl1 (Chemokine),GO:0006954,Control,4,96-well,ELISA for protein detection,450 nm
,,Cytokine Mix,,,,
,,,,,,
,,,,,,
,,,,,,
,,,,,,

Well,Condition,OD450
A1,Control,0.225
B1,Control,0.526
C1,Control,0.93
D1,Control,0.764
E1,Cytokine Mix,1.0
F1,Cytokine Mix,0.441
G1,Cytokine Mix,0.856
H1,Cytokine Mix,0.725

Metric,Value
Average OD for Control,0.611
Average OD for Treated,0.756
Fold Change (Treated/Control),1.24
