Target_Gene_Protein,GO_Term,Conditions,Replicates,Plate_Type,Assay_Type,Detection_Wavelength
Mouse Actb (Structural),GO:0045202,LPS-treated,5,384-well,ELISA for protein detection,450 nm
,,Drug A,,,,
,,,,,,
,,,,,,
,,,,,,
,,,,,,

Well,Condition,OD450
A1,LPS-treated,0.401
B1,LPS-treated,0.343
C1,LPS-treated,0.476
D1,LPS-treated,0.918
E1,LPS-treated,0.859
F1,Drug A,0.267
G1,Drug A,0.858
H1,Drug A,0.905
A2,Drug A,0.708
B2,Drug A,0.353

Metric,Value
Average OD for Control,0.599
Average OD for Treated,0.618
Fold Change (Treated/Control),1.03
