Target_Gene_Protein,GO_Term,Conditions,Replicates,Plate_Type,Assay_Type,Detection_Wavelength
Mouse Cd40 (Immune Receptor),GO:0019882,Cytokine Mix,4,384-well,ELISA for protein detection,450 nm
,,Drug A,,,,
,,,,,,
,,,,,,
,,,,,,
,,,,,,

Well,Condition,OD450
A1,Cytokine Mix,0.936
B1,Cytokine Mix,0.446
C1,Cytokine Mix,0.44
D1,Cytokine Mix,0.632
E1,Drug A,0.791
F1,Drug A,0.605
G1,Drug A,0.686
H1,Drug A,0.823

Metric,Value
Average OD for Control,0.614
Average OD for Treated,0.726
Fold Change (Treated/Control),1.18
