Target_Gene_Protein,GO_Term,Conditions,Replicates,Plate_Type,Assay_Type,Detection_Wavelength
Mouse Bdnf (Neurotrophic Factor),GO:0006954,Control,4,384-well,ELISA for protein detection,450 nm
,,LPS-treated,,,,
,,,,,,
,,,,,,
,,,,,,
,,,,,,

Well,Condition,OD450
A1,Control,0.527
B1,Control,0.682
C1,Control,0.571
D1,Control,0.401
E1,LPS-treated,0.947
F1,LPS-treated,0.729
G1,LPS-treated,0.697
H1,LPS-treated,0.761

Metric,Value
Average OD for Control,0.545
Average OD for Treated,0.783
Fold Change (Treated/Control),1.44
