Target_Gene_Protein,GO_Term,Conditions,Replicates,Plate_Type,Assay_Type,Detection_Wavelength
Mouse Gapdh (Housekeeping),GO:0005102,Drug A,5,96-well,ELISA for protein detection,450 nm
,,LPS-treated,,,,
,,,,,,
,,,,,,
,,,,,,
,,,,,,

Well,Condition,OD450
A1,Drug A,0.184
B1,Drug A,0.632
C1,Drug A,0.556
D1,Drug A,0.383
E1,Drug A,0.125
F1,LPS-treated,0.303
G1,LPS-treated,0.318
H1,LPS-treated,0.518
A2,LPS-treated,0.895
B2,LPS-treated,0.913

Metric,Value
Average OD for Control,0.376
Average OD for Treated,0.589
Fold Change (Treated/Control),1.57
