Target_Gene_Protein,GO_Term,Conditions,Replicates,Plate_Type,Assay_Type,Detection_Wavelength
Mouse Pparg (Metabolic),GO:0045202,Drug A,5,96-well,ELISA for protein detection,450 nm
,,Cytokine Mix,,,,
,,,,,,
,,,,,,
,,,,,,
,,,,,,

Well,Condition,OD450
A1,Drug A,0.556
B1,Drug A,0.401
C1,Drug A,0.675
D1,Drug A,0.583
E1,Drug A,0.247
F1,Cytokine Mix,0.464
G1,Cytokine Mix,0.289
H1,Cytokine Mix,0.254
A2,Cytokine Mix,0.964
B2,Cytokine Mix,0.793

Metric,Value
Average OD for Control,0.492
Average OD for Treated,0.553
Fold Change (Treated/Control),1.12
