Target_Gene_Protein,GO_Term,Conditions,Replicates,Plate_Type,Assay_Type,Detection_Wavelength
Mouse Il6 (Cytokine),GO:0009617,LPS-treated,5,384-well,ELISA for protein detection,450 nm
,,Drug B,,,,
,,,,,,
,,,,,,
,,,,,,
,,,,,,

Well,Condition,OD450
A1,LPS-treated,0.286
B1,LPS-treated,0.349
C1,LPS-treated,0.929
D1,LPS-treated,0.685
E1,LPS-treated,0.32
F1,Drug B,0.79
G1,Drug B,0.735
H1,Drug B,0.583
A2,Drug B,0.481
B2,Drug B,0.381

Metric,Value
Average OD for Control,0.514
Average OD for Treated,0.594
Fold Change (Treated/Control),1.16
