Target_Gene_Protein,GO_Term,Conditions,Replicates,Plate_Type,Assay_Type,Detection_Wavelength
Mouse Cxcl1 (Chemokine),GO:0019882,Drug B,5,384-well,ELISA for protein detection,450 nm
,,Drug A,,,,
,,,,,,
,,,,,,
,,,,,,
,,,,,,

Well,Condition,OD450
A1,Drug B,0.116
B1,Drug B,0.64
C1,Drug B,0.207
D1,Drug B,0.893
E1,Drug B,0.136
F1,Drug A,0.329
G1,Drug A,0.188
H1,Drug A,0.594
A2,Drug A,0.182
B2,Drug A,0.926

Metric,Value
Average OD for Control,0.398
Average OD for Treated,0.444
Fold Change (Treated/Control),1.12
