Target_Gene_Protein,GO_Term,Conditions,Replicates,Plate_Type,Assay_Type,Detection_Wavelength
Mouse Pparg (Metabolic),GO:0002376,Cytokine Mix,4,96-well,ELISA for protein detection,450 nm
,,Control,,,,
,,,,,,
,,,,,,
,,,,,,
,,,,,,

Well,Condition,OD450
A1,Cytokine Mix,0.992
B1,Cytokine Mix,0.382
C1,Cytokine Mix,0.265
D1,Cytokine Mix,0.153
E1,Control,0.621
F1,Control,0.894
G1,Control,0.333
H1,Control,0.82

Metric,Value
Average OD for Control,0.448
Average OD for Treated,0.667
Fold Change (Treated/Control),1.49
