Target_Gene_Protein,GO_Term,Conditions,Replicates,Plate_Type,Assay_Type,Detection_Wavelength
Mouse Actb (Structural),GO:0019882,LPS-treated,4,96-well,ELISA for protein detection,450 nm
,,Drug A,,,,
,,,,,,
,,,,,,
,,,,,,
,,,,,,

Well,Condition,OD450
A1,LPS-treated,0.894
B1,LPS-treated,0.663
C1,LPS-treated,0.973
D1,LPS-treated,0.51
E1,Drug A,0.185
F1,Drug A,0.93
G1,Drug A,0.976
H1,Drug A,0.356

Metric,Value
Average OD for Control,0.76
Average OD for Treated,0.612
Fold Change (Treated/Control),0.81
