Target_Gene_Protein,GO_Term,Conditions,Replicates,Plate_Type,Assay_Type,Detection_Wavelength
Mouse Tnf (Inflammatory),GO:0006955,LPS-treated,4,384-well,ELISA for protein detection,450 nm
,,Control,,,,
,,,,,,
,,,,,,
,,,,,,
,,,,,,

Well,Condition,OD450
A1,LPS-treated,0.628
B1,LPS-treated,0.962
C1,LPS-treated,0.713
D1,LPS-treated,0.821
E1,Control,0.502
F1,Control,0.557
G1,Control,0.622
H1,Control,0.534

Metric,Value
Average OD for Control,0.781
Average OD for Treated,0.554
Fold Change (Treated/Control),0.71
