Target_Gene_Protein,GO_Term,Conditions,Replicates,Plate_Type,Assay_Type,Detection_Wavelength
Mouse Tnf (Inflammatory),GO:0006955,LPS-treated,4,384-well,ELISA for protein detection,450 nm
,,Drug B,,,,
,,,,,,
,,,,,,
,,,,,,
,,,,,,

Well,Condition,OD450
A1,LPS-treated,0.578
B1,LPS-treated,0.757
C1,LPS-treated,0.397
D1,LPS-treated,0.149
E1,Drug B,0.779
F1,Drug B,0.93
G1,Drug B,0.59
H1,Drug B,0.691

Metric,Value
Average OD for Control,0.47
Average OD for Treated,0.747
Fold Change (Treated/Control),1.59
