Target_Gene_Protein,GO_Term,Conditions,Replicates,Plate_Type,Assay_Type,Detection_Wavelength
Mouse Tnf (Inflammatory),GO:0045202,Cytokine Mix,5,96-well,ELISA for protein detection,450 nm
,,Drug A,,,,
,,,,,,
,,,,,,
,,,,,,
,,,,,,

Well,Condition,OD450
A1,Cytokine Mix,0.824
B1,Cytokine Mix,0.484
C1,Cytokine Mix,0.489
D1,Cytokine Mix,0.525
E1,Cytokine Mix,0.408
F1,Drug A,0.885
G1,Drug A,0.203
H1,Drug A,0.131
A2,Drug A,0.254
B2,Drug A,0.672

Metric,Value
Average OD for Control,0.546
Average OD for Treated,0.429
Fold Change (Treated/Control),0.79
